id,company,avgStockPrice,date
0,3,1020.86,2022-07-07T14:43:03.500Z
1,27,1973.39,2022-07-07T14:43:03.500Z
2,24,800,2022-07-07T14:43:03.500Z
3,23,134.4,2022-07-07T14:43:03.500Z
4,28,2377.88,2022-07-07T14:43:03.500Z
5,10,1778.68,2022-07-07T14:43:03.500Z
6,4,1243.58,2022-07-07T14:43:03.500Z
7,33,1448.21,2022-07-07T14:43:03.500Z
8,13,2611.88,2022-07-07T14:43:03.500Z
9,34,2875.84,2022-07-07T14:43:03.500Z
10,11,276.03,2022-07-07T14:43:03.500Z
11,22,2250.89,2022-07-07T14:43:03.500Z
12,12,1045.47,2022-07-07T14:43:03.500Z
13,9,175.69,2022-07-07T14:43:03.500Z
14,26,559.13,2022-07-07T14:43:03.500Z
15,17,2633.04,2022-07-07T14:43:03.500Z
16,31,2828.66,2022-07-07T14:43:03.500Z
17,2,972.59,2022-07-07T14:43:03.500Z
18,25,2852.66,2022-07-07T14:43:03.500Z
19,29,2675.85,2022-07-07T14:43:03.500Z
20,14,2423.12,2022-07-07T14:43:03.500Z
21,5,936.91,2022-07-07T14:43:03.500Z
22,6,2730.74,2022-07-07T14:43:03.500Z
23,32,2902.53,2022-07-07T14:43:03.500Z
24,30,1455.54,2022-07-07T14:43:03.500Z
25,20,2673.93,2022-07-07T14:43:03.500Z
26,19,2080.86,2022-07-07T14:43:03.500Z
27,18,2771.75,2022-07-07T14:43:03.500Z
28,1,2240.06,2022-07-07T14:43:03.500Z
29,21,626.84,2022-07-07T14:43:03.500Z
30,16,1323.88,2022-07-07T14:43:03.500Z
31,7,661.96,2022-07-07T14:43:03.500Z
32,8,1382.66,2022-07-07T14:43:03.500Z
33,15,1431.21,2022-07-07T14:43:03.500Z
34,0,1153.18,2022-07-07T14:43:03.500Z
35,14,2241.21,2022-07-08T14:43:03.500Z
36,18,2541.1,2022-07-08T14:43:03.500Z
37,27,2180.49,2022-07-08T14:43:03.500Z
38,15,1395.79,2022-07-08T14:43:03.500Z
39,28,2297.5,2022-07-08T14:43:03.500Z
40,16,1341.1,2022-07-08T14:43:03.500Z
41,30,1603.45,2022-07-08T14:43:03.500Z
42,19,1951,2022-07-08T14:43:03.500Z
43,25,3009.53,2022-07-08T14:43:03.500Z
44,26,541.02,2022-07-08T14:43:03.500Z
45,1,2089.59,2022-07-08T14:43:03.500Z
46,21,613.45,2022-07-08T14:43:03.500Z
47,10,1952.73,2022-07-08T14:43:03.500Z
48,5,940.99,2022-07-08T14:43:03.500Z
49,24,880,2022-07-08T14:43:03.500Z
50,23,132.48,2022-07-08T14:43:03.500Z
51,20,2630.2,2022-07-08T14:43:03.500Z
52,13,2568.4,2022-07-08T14:43:03.500Z
53,29,2790.67,2022-07-08T14:43:03.500Z
54,12,1028,2022-07-08T14:43:03.500Z
55,22,2091.13,2022-07-08T14:43:03.500Z
56,33,1344.77,2022-07-08T14:43:03.500Z
57,17,2665.47,2022-07-08T14:43:03.500Z
58,31,2632.48,2022-07-08T14:43:03.500Z
59,7,665.57,2022-07-08T14:43:03.500Z
60,34,2752.36,2022-07-08T14:43:03.500Z
61,3,1048.48,2022-07-08T14:43:03.500Z
62,32,2922.27,2022-07-08T14:43:03.500Z
63,8,1526.24,2022-07-08T14:43:03.500Z
64,6,2545.18,2022-07-08T14:43:03.500Z
65,4,1188.77,2022-07-08T14:43:03.500Z
66,11,269.66,2022-07-08T14:43:03.500Z
67,2,1037.16,2022-07-08T14:43:03.500Z
68,0,1133.64,2022-07-08T14:43:03.500Z
69,9,176.41,2022-07-08T14:43:03.500Z
70,8,1476.29,2022-07-09T14:43:03.500Z
71,29,2880.24,2022-07-09T14:43:03.500Z
72,32,2792.59,2022-07-09T14:43:03.500Z
73,25,3223.75,2022-07-09T14:43:03.500Z
74,33,1359.27,2022-07-09T14:43:03.500Z
75,28,2513.33,2022-07-09T14:43:03.500Z
76,22,1996.1,2022-07-09T14:43:03.500Z
77,6,2734.2,2022-07-09T14:43:03.500Z
78,12,962.25,2022-07-09T14:43:03.500Z
79,31,2754.71,2022-07-09T14:43:03.500Z
80,2,945.77,2022-07-09T14:43:03.500Z
81,14,2262.49,2022-07-09T14:43:03.500Z
82,5,1037.32,2022-07-09T14:43:03.500Z
83,13,2723.59,2022-07-09T14:43:03.500Z
84,27,2315.86,2022-07-09T14:43:03.500Z
85,7,722.92,2022-07-09T14:43:03.500Z
86,1,2299.47,2022-07-09T14:43:03.500Z
87,9,172.68,2022-07-09T14:43:03.500Z
88,21,588.35,2022-07-09T14:43:03.500Z
89,16,1369.34,2022-07-09T14:43:03.500Z
90,23,128.14,2022-07-09T14:43:03.500Z
91,4,1165.91,2022-07-09T14:43:03.500Z
92,11,270.46,2022-07-09T14:43:03.500Z
93,30,1453.83,2022-07-09T14:43:03.500Z
94,34,2511.81,2022-07-09T14:43:03.500Z
95,19,1924.13,2022-07-09T14:43:03.500Z
96,10,1979.9,2022-07-09T14:43:03.500Z
97,20,2597.96,2022-07-09T14:43:03.500Z
98,18,2743.44,2022-07-09T14:43:03.500Z
99,0,1119.65,2022-07-09T14:43:03.500Z
100,24,801.17,2022-07-09T14:43:03.500Z
101,26,521.29,2022-07-09T14:43:03.500Z
102,17,2651.27,2022-07-09T14:43:03.500Z
103,3,1039.39,2022-07-09T14:43:03.500Z
104,15,1439.67,2022-07-09T14:43:03.500Z
105,34,2479.35,2022-07-10T14:43:03.500Z
106,24,782.08,2022-07-10T14:43:03.500Z
107,27,2119.1,2022-07-10T14:43:03.500Z
108,18,2515.83,2022-07-10T14:43:03.500Z
109,19,2088.63,2022-07-10T14:43:03.500Z
110,8,1573.12,2022-07-10T14:43:03.500Z
111,12,1065.46,2022-07-10T14:43:03.500Z
112,17,2714.38,2022-07-10T14:43:03.500Z
113,7,773.02,2022-07-10T14:43:03.500Z
114,13,2527.3,2022-07-10T14:43:03.500Z
115,15,1375.37,2022-07-10T14:43:03.500Z
116,20,2735.43,2022-07-10T14:43:03.500Z
117,3,1121.01,2022-07-10T14:43:03.500Z
118,6,2796.01,2022-07-10T14:43:03.500Z
119,0,1158.34,2022-07-10T14:43:03.500Z
120,28,2296.41,2022-07-10T14:43:03.500Z
121,14,2432.51,2022-07-10T14:43:03.500Z
122,32,2595.68,2022-07-10T14:43:03.500Z
123,33,1427.36,2022-07-10T14:43:03.500Z
124,30,1588.87,2022-07-10T14:43:03.500Z
125,25,3416.69,2022-07-10T14:43:03.500Z
126,26,550.95,2022-07-10T14:43:03.500Z
127,5,1101.68,2022-07-10T14:43:03.500Z
128,29,3167.07,2022-07-10T14:43:03.500Z
129,21,563.71,2022-07-10T14:43:03.500Z
130,10,2012.79,2022-07-10T14:43:03.500Z
131,22,2020.85,2022-07-10T14:43:03.500Z
132,4,1075.99,2022-07-10T14:43:03.500Z
133,11,269.03,2022-07-10T14:43:03.500Z
134,1,2075.27,2022-07-10T14:43:03.500Z
135,31,2683.16,2022-07-10T14:43:03.500Z
136,2,865.3,2022-07-10T14:43:03.500Z
137,23,136.65,2022-07-10T14:43:03.500Z
138,9,163.36,2022-07-10T14:43:03.500Z
139,16,1384.15,2022-07-10T14:43:03.500Z
140,4,1171.22,2022-07-11T14:43:03.500Z
141,28,2525.62,2022-07-11T14:43:03.500Z
142,3,1142.27,2022-07-11T14:43:03.500Z
143,0,1136.71,2022-07-11T14:43:03.500Z
144,15,1452.5,2022-07-11T14:43:03.500Z
145,12,1098.65,2022-07-11T14:43:03.500Z
146,10,1958.33,2022-07-11T14:43:03.500Z
147,23,134.54,2022-07-11T14:43:03.500Z
148,31,2771.92,2022-07-11T14:43:03.500Z
149,13,2774.54,2022-07-11T14:43:03.500Z
150,30,1638.61,2022-07-11T14:43:03.500Z
151,9,155.68,2022-07-11T14:43:03.500Z
152,11,263.8,2022-07-11T14:43:03.500Z
153,7,824.64,2022-07-11T14:43:03.500Z
154,26,505.85,2022-07-11T14:43:03.500Z
155,32,2793.85,2022-07-11T14:43:03.500Z
156,6,2943.68,2022-07-11T14:43:03.500Z
157,33,1374.24,2022-07-11T14:43:03.500Z
158,2,904.3,2022-07-11T14:43:03.500Z
159,19,2248.51,2022-07-11T14:43:03.500Z
160,1,1886.87,2022-07-11T14:43:03.500Z
161,20,2924.84,2022-07-11T14:43:03.500Z
162,25,3418.74,2022-07-11T14:43:03.500Z
163,27,2129.82,2022-07-11T14:43:03.500Z
164,14,2315.65,2022-07-11T14:43:03.500Z
165,24,836.01,2022-07-11T14:43:03.500Z
166,29,3176.24,2022-07-11T14:43:03.500Z
167,18,2759.8,2022-07-11T14:43:03.500Z
168,34,2412.99,2022-07-11T14:43:03.500Z
169,16,1487.3,2022-07-11T14:43:03.500Z
170,5,1171.01,2022-07-11T14:43:03.500Z
171,8,1611.41,2022-07-11T14:43:03.500Z
172,21,511.87,2022-07-11T14:43:03.500Z
173,17,2859.22,2022-07-11T14:43:03.500Z
174,22,2028.32,2022-07-11T14:43:03.500Z
175,25,3187.92,2022-07-12T14:43:03.500Z
176,11,282.49,2022-07-12T14:43:03.500Z
177,13,3019.77,2022-07-12T14:43:03.500Z
178,26,505.03,2022-07-12T14:43:03.500Z
179,31,2797.34,2022-07-12T14:43:03.500Z
180,27,1971.45,2022-07-12T14:43:03.500Z
181,10,2000.16,2022-07-12T14:43:03.500Z
182,7,819.5,2022-07-12T14:43:03.500Z
183,23,131.96,2022-07-12T14:43:03.500Z
184,22,2231.89,2022-07-12T14:43:03.500Z
185,21,529.69,2022-07-12T14:43:03.500Z
186,17,2649.36,2022-07-12T14:43:03.500Z
187,20,2940.82,2022-07-12T14:43:03.500Z
188,6,2904.74,2022-07-12T14:43:03.500Z
189,9,156.48,2022-07-12T14:43:03.500Z
190,8,1540.69,2022-07-12T14:43:03.500Z
191,5,1202.03,2022-07-12T14:43:03.500Z
192,33,1497.96,2022-07-12T14:43:03.500Z
193,18,2592.54,2022-07-12T14:43:03.500Z
194,15,1463.69,2022-07-12T14:43:03.500Z
195,1,1897.52,2022-07-12T14:43:03.500Z
196,0,1116.54,2022-07-12T14:43:03.500Z
197,24,790.56,2022-07-12T14:43:03.500Z
198,12,1126.16,2022-07-12T14:43:03.500Z
199,2,950.72,2022-07-12T14:43:03.500Z
200,34,2323.33,2022-07-12T14:43:03.500Z
201,16,1514.79,2022-07-12T14:43:03.500Z
202,14,2201.37,2022-07-12T14:43:03.500Z
203,4,1140.95,2022-07-12T14:43:03.500Z
204,19,2141.16,2022-07-12T14:43:03.500Z
205,32,2859.38,2022-07-12T14:43:03.500Z
206,3,1044.75,2022-07-12T14:43:03.500Z
207,28,2618.09,2022-07-12T14:43:03.500Z
208,29,3104.71,2022-07-12T14:43:03.500Z
209,30,1601.43,2022-07-12T14:43:03.500Z
210,0,1125.35,2022-07-13T14:43:03.500Z
211,22,2201.69,2022-07-13T14:43:03.500Z
212,6,2855.57,2022-07-13T14:43:03.500Z
213,29,3124.48,2022-07-13T14:43:03.500Z
214,23,121.19,2022-07-13T14:43:03.500Z
215,1,1780.86,2022-07-13T14:43:03.500Z
216,21,564.76,2022-07-13T14:43:03.500Z
217,8,1420.17,2022-07-13T14:43:03.500Z
218,7,773.33,2022-07-13T14:43:03.500Z
219,33,1541.32,2022-07-13T14:43:03.500Z
220,26,500.46,2022-07-13T14:43:03.500Z
221,18,2676.2,2022-07-13T14:43:03.500Z
222,20,3238.25,2022-07-13T14:43:03.500Z
223,17,2499.28,2022-07-13T14:43:03.500Z
224,34,2262.48,2022-07-13T14:43:03.500Z
225,5,1275.25,2022-07-13T14:43:03.500Z
226,25,3147.71,2022-07-13T14:43:03.500Z
227,30,1735.8,2022-07-13T14:43:03.500Z
228,13,3160.52,2022-07-13T14:43:03.500Z
229,2,989.54,2022-07-13T14:43:03.500Z
230,15,1397.18,2022-07-13T14:43:03.500Z
231,27,2136.23,2022-07-13T14:43:03.500Z
232,12,1034.2,2022-07-13T14:43:03.500Z
233,11,270.88,2022-07-13T14:43:03.500Z
234,28,2435.18,2022-07-13T14:43:03.500Z
235,19,2358.61,2022-07-13T14:43:03.500Z
236,3,1156.43,2022-07-13T14:43:03.500Z
237,24,740.26,2022-07-13T14:43:03.500Z
238,10,1894.38,2022-07-13T14:43:03.500Z
239,9,152.24,2022-07-13T14:43:03.500Z
240,14,2436.11,2022-07-13T14:43:03.500Z
241,16,1622.48,2022-07-13T14:43:03.500Z
242,31,3009.21,2022-07-13T14:43:03.500Z
243,32,2586.8,2022-07-13T14:43:03.500Z
244,4,1085.85,2022-07-13T14:43:03.500Z
245,23,115.43,2022-07-14T14:43:03.500Z
246,13,3224.38,2022-07-14T14:43:03.500Z
247,25,3163.84,2022-07-14T14:43:03.500Z
248,19,2396.51,2022-07-14T14:43:03.500Z
249,18,2965.79,2022-07-14T14:43:03.500Z
250,32,2592.94,2022-07-14T14:43:03.500Z
251,10,1946.1,2022-07-14T14:43:03.500Z
252,26,511.05,2022-07-14T14:43:03.500Z
253,29,3243.72,2022-07-14T14:43:03.500Z
254,11,291.96,2022-07-14T14:43:03.500Z
255,9,140.63,2022-07-14T14:43:03.500Z
256,12,1012.55,2022-07-14T14:43:03.500Z
257,8,1327.13,2022-07-14T14:43:03.500Z
258,3,1090.4,2022-07-14T14:43:03.500Z
259,33,1554.53,2022-07-14T14:43:03.500Z
260,0,1137.41,2022-07-14T14:43:03.500Z
261,1,1925.64,2022-07-14T14:43:03.500Z
262,24,683.62,2022-07-14T14:43:03.500Z
263,21,578.73,2022-07-14T14:43:03.500Z
264,20,3319.15,2022-07-14T14:43:03.500Z
265,6,3162.23,2022-07-14T14:43:03.500Z
266,14,2593.85,2022-07-14T14:43:03.500Z
267,22,2132.75,2022-07-14T14:43:03.500Z
268,4,995.78,2022-07-14T14:43:03.500Z
269,2,988.69,2022-07-14T14:43:03.500Z
270,5,1306.43,2022-07-14T14:43:03.500Z
271,17,2694.58,2022-07-14T14:43:03.500Z
272,34,2386.48,2022-07-14T14:43:03.500Z
273,27,2234.26,2022-07-14T14:43:03.500Z
274,31,3309.99,2022-07-14T14:43:03.500Z
275,28,2224.08,2022-07-14T14:43:03.500Z
276,16,1693.31,2022-07-14T14:43:03.500Z
277,15,1328.02,2022-07-14T14:43:03.500Z
278,30,1715.54,2022-07-14T14:43:03.500Z
279,7,811.81,2022-07-14T14:43:03.500Z
280,5,1428.43,2022-07-15T14:43:03.500Z
281,7,843.38,2022-07-15T14:43:03.500Z
282,33,1459.79,2022-07-15T14:43:03.500Z
283,4,1026.18,2022-07-15T14:43:03.500Z
284,31,3002.03,2022-07-15T14:43:03.500Z
285,24,727.76,2022-07-15T14:43:03.500Z
286,21,545.1,2022-07-15T14:43:03.500Z
287,26,507.65,2022-07-15T14:43:03.500Z
288,16,1668.36,2022-07-15T14:43:03.500Z
289,1,1749.69,2022-07-15T14:43:03.500Z
290,0,1157.29,2022-07-15T14:43:03.500Z
291,3,1088.03,2022-07-15T14:43:03.500Z
292,34,2446.22,2022-07-15T14:43:03.500Z
293,12,997.94,2022-07-15T14:43:03.500Z
294,10,1946.74,2022-07-15T14:43:03.500Z
295,28,2264.22,2022-07-15T14:43:03.500Z
296,9,137.8,2022-07-15T14:43:03.500Z
297,2,1027.41,2022-07-15T14:43:03.500Z
298,15,1451.91,2022-07-15T14:43:03.500Z
299,14,2388.34,2022-07-15T14:43:03.500Z
300,6,2883.7,2022-07-15T14:43:03.500Z
301,17,2526.29,2022-07-15T14:43:03.500Z
302,27,2389.57,2022-07-15T14:43:03.500Z
303,13,3148.94,2022-07-15T14:43:03.500Z
304,8,1215.76,2022-07-15T14:43:03.500Z
305,11,309.03,2022-07-15T14:43:03.500Z
306,22,2221.03,2022-07-15T14:43:03.500Z
307,29,2925.92,2022-07-15T14:43:03.500Z
308,30,1769.58,2022-07-15T14:43:03.500Z
309,20,3008.78,2022-07-15T14:43:03.500Z
310,32,2647.65,2022-07-15T14:43:03.500Z
311,25,2982.05,2022-07-15T14:43:03.500Z
312,23,111.1,2022-07-15T14:43:03.500Z
313,19,2322.47,2022-07-15T14:43:03.500Z
314,18,2930.6,2022-07-15T14:43:03.500Z
315,32,2589.28,2022-07-16T14:43:03.500Z
316,31,2962.74,2022-07-16T14:43:03.500Z
317,24,791.11,2022-07-16T14:43:03.500Z
318,25,2798.16,2022-07-16T14:43:03.500Z
319,2,1119.67,2022-07-16T14:43:03.500Z
320,33,1423.33,2022-07-16T14:43:03.500Z
321,34,2610,2022-07-16T14:43:03.500Z
322,18,3029.04,2022-07-16T14:43:03.500Z
323,5,1432.21,2022-07-16T14:43:03.500Z
324,22,2143.91,2022-07-16T14:43:03.500Z
325,11,301.49,2022-07-16T14:43:03.500Z
326,19,2354,2022-07-16T14:43:03.500Z
327,15,1310.33,2022-07-16T14:43:03.500Z
328,23,113.88,2022-07-16T14:43:03.500Z
329,21,594.11,2022-07-16T14:43:03.500Z
330,28,2328.14,2022-07-16T14:43:03.500Z
331,10,1769.1,2022-07-16T14:43:03.500Z
332,20,3176.17,2022-07-16T14:43:03.500Z
333,26,481.08,2022-07-16T14:43:03.500Z
334,9,125.3,2022-07-16T14:43:03.500Z
335,27,2190.62,2022-07-16T14:43:03.500Z
336,29,3141.87,2022-07-16T14:43:03.500Z
337,4,940.61,2022-07-16T14:43:03.500Z
338,12,997.79,2022-07-16T14:43:03.500Z
339,3,1176.09,2022-07-16T14:43:03.500Z
340,30,1946.07,2022-07-16T14:43:03.500Z
341,1,1824.43,2022-07-16T14:43:03.500Z
342,0,1236.54,2022-07-16T14:43:03.500Z
343,7,860.21,2022-07-16T14:43:03.500Z
344,8,1121.77,2022-07-16T14:43:03.500Z
345,13,2981.27,2022-07-16T14:43:03.500Z
346,14,2495.13,2022-07-16T14:43:03.500Z
347,16,1587.19,2022-07-16T14:43:03.500Z
348,6,2992.27,2022-07-16T14:43:03.500Z
349,17,2611.04,2022-07-16T14:43:03.500Z
350,15,1314.48,2022-07-17T14:43:03.500Z
351,12,997.23,2022-07-17T14:43:03.500Z
352,28,2343.88,2022-07-17T14:43:03.500Z
353,7,856.43,2022-07-17T14:43:03.500Z
354,18,3133.9,2022-07-17T14:43:03.500Z
355,4,959.33,2022-07-17T14:43:03.500Z
356,19,2565.87,2022-07-17T14:43:03.500Z
357,26,433.35,2022-07-17T14:43:03.500Z
358,2,1015.32,2022-07-17T14:43:03.500Z
359,21,645.21,2022-07-17T14:43:03.500Z
360,11,271.46,2022-07-17T14:43:03.500Z
361,30,2150.52,2022-07-17T14:43:03.500Z
362,22,2321.43,2022-07-17T14:43:03.500Z
363,34,2606.4,2022-07-17T14:43:03.500Z
364,5,1487.48,2022-07-17T14:43:03.500Z
365,24,718.39,2022-07-17T14:43:03.500Z
366,20,2998.52,2022-07-17T14:43:03.500Z
367,33,1472.31,2022-07-17T14:43:03.500Z
368,8,1125.22,2022-07-17T14:43:03.500Z
369,6,2937.49,2022-07-17T14:43:03.500Z
370,10,1727.78,2022-07-17T14:43:03.500Z
371,9,132.97,2022-07-17T14:43:03.500Z
372,32,2639.59,2022-07-17T14:43:03.500Z
373,31,3091.91,2022-07-17T14:43:03.500Z
374,13,2923.76,2022-07-17T14:43:03.500Z
375,16,1572.25,2022-07-17T14:43:03.500Z
376,29,3152,2022-07-17T14:43:03.500Z
377,0,1200.28,2022-07-17T14:43:03.500Z
378,27,2389.34,2022-07-17T14:43:03.500Z
379,23,112.97,2022-07-17T14:43:03.500Z
380,25,3076.05,2022-07-17T14:43:03.500Z
381,1,1855.61,2022-07-17T14:43:03.500Z
382,14,2283.28,2022-07-17T14:43:03.500Z
383,3,1133.49,2022-07-17T14:43:03.500Z
384,17,2696.24,2022-07-17T14:43:03.500Z
385,25,3093.75,2022-07-18T14:43:03.500Z
386,22,2277.61,2022-07-18T14:43:03.500Z
387,19,2608.69,2022-07-18T14:43:03.500Z
388,33,1326.44,2022-07-18T14:43:03.500Z
389,24,795.42,2022-07-18T14:43:03.500Z
390,15,1394.74,2022-07-18T14:43:03.500Z
391,10,1869.61,2022-07-18T14:43:03.500Z
392,11,272.94,2022-07-18T14:43:03.500Z
393,30,1983.9,2022-07-18T14:43:03.500Z
394,9,136.98,2022-07-18T14:43:03.500Z
395,8,1045.54,2022-07-18T14:43:03.500Z
396,23,120.08,2022-07-18T14:43:03.500Z
397,34,2692.1,2022-07-18T14:43:03.500Z
398,12,916.33,2022-07-18T14:43:03.500Z
399,7,884.04,2022-07-18T14:43:03.500Z
400,21,642.05,2022-07-18T14:43:03.500Z
401,6,2691.53,2022-07-18T14:43:03.500Z
402,16,1686.33,2022-07-18T14:43:03.500Z
403,5,1352.82,2022-07-18T14:43:03.500Z
404,18,2964.46,2022-07-18T14:43:03.500Z
405,31,2998.2,2022-07-18T14:43:03.500Z
406,0,1265.5,2022-07-18T14:43:03.500Z
407,20,3253.33,2022-07-18T14:43:03.500Z
408,2,1078.91,2022-07-18T14:43:03.500Z
409,3,1253.21,2022-07-18T14:43:03.500Z
410,4,959.62,2022-07-18T14:43:03.500Z
411,29,3496.74,2022-07-18T14:43:03.500Z
412,32,2894.32,2022-07-18T14:43:03.500Z
413,1,2040.85,2022-07-18T14:43:03.500Z
414,17,2805.56,2022-07-18T14:43:03.500Z
415,27,2517.79,2022-07-18T14:43:03.500Z
416,26,440.91,2022-07-18T14:43:03.500Z
417,28,2588.55,2022-07-18T14:43:03.500Z
418,13,3112.27,2022-07-18T14:43:03.500Z
419,14,2057.24,2022-07-18T14:43:03.500Z
420,7,824.66,2022-07-19T14:43:03.500Z
421,29,3613.12,2022-07-19T14:43:03.500Z
422,26,444.19,2022-07-19T14:43:03.500Z
423,6,2824.83,2022-07-19T14:43:03.500Z
424,8,1067.15,2022-07-19T14:43:03.500Z
425,2,991.22,2022-07-19T14:43:03.500Z
426,27,2641.86,2022-07-19T14:43:03.500Z
427,0,1239.26,2022-07-19T14:43:03.500Z
428,13,3307.53,2022-07-19T14:43:03.500Z
429,32,2973.81,2022-07-19T14:43:03.500Z
430,15,1404.66,2022-07-19T14:43:03.500Z
431,3,1208.52,2022-07-19T14:43:03.500Z
432,18,2932.82,2022-07-19T14:43:03.500Z
433,12,858.9,2022-07-19T14:43:03.500Z
434,5,1410.72,2022-07-19T14:43:03.500Z
435,20,3527.94,2022-07-19T14:43:03.500Z
436,23,131.45,2022-07-19T14:43:03.500Z
437,31,2854.28,2022-07-19T14:43:03.500Z
438,25,3397.75,2022-07-19T14:43:03.500Z
439,24,741.25,2022-07-19T14:43:03.500Z
440,10,1918.54,2022-07-19T14:43:03.500Z
441,9,142.96,2022-07-19T14:43:03.500Z
442,34,2718.6,2022-07-19T14:43:03.500Z
443,1,1878.5,2022-07-19T14:43:03.500Z
444,17,3040.29,2022-07-19T14:43:03.500Z
445,4,873.6,2022-07-19T14:43:03.500Z
446,33,1265.98,2022-07-19T14:43:03.500Z
447,11,274.71,2022-07-19T14:43:03.500Z
448,21,675.63,2022-07-19T14:43:03.500Z
449,19,2654.67,2022-07-19T14:43:03.500Z
450,22,2371.24,2022-07-19T14:43:03.500Z
451,14,1921.42,2022-07-19T14:43:03.500Z
452,16,1837.29,2022-07-19T14:43:03.500Z
453,28,2404.43,2022-07-19T14:43:03.500Z
454,30,2133.35,2022-07-19T14:43:03.500Z
455,27,2440.21,2022-07-20T14:43:03.500Z
456,33,1302.58,2022-07-20T14:43:03.500Z
457,24,787.49,2022-07-20T14:43:03.500Z
458,21,617.03,2022-07-20T14:43:03.500Z
459,29,3432.64,2022-07-20T14:43:03.500Z
460,18,2663.02,2022-07-20T14:43:03.500Z
461,12,791.25,2022-07-20T14:43:03.500Z
462,25,3416.26,2022-07-20T14:43:03.500Z
463,19,2448.04,2022-07-20T14:43:03.500Z
464,23,137.75,2022-07-20T14:43:03.500Z
465,11,292.58,2022-07-20T14:43:03.500Z
466,6,2640.2,2022-07-20T14:43:03.500Z
467,2,1046.73,2022-07-20T14:43:03.500Z
468,8,985.75,2022-07-20T14:43:03.500Z
469,20,3590.81,2022-07-20T14:43:03.500Z
470,32,2862,2022-07-20T14:43:03.500Z
471,17,2815.24,2022-07-20T14:43:03.500Z
472,22,2596.92,2022-07-20T14:43:03.500Z
473,13,3433.13,2022-07-20T14:43:03.500Z
474,34,2746.11,2022-07-20T14:43:03.500Z
475,28,2174.97,2022-07-20T14:43:03.500Z
476,31,2706.26,2022-07-20T14:43:03.500Z
477,3,1212.61,2022-07-20T14:43:03.500Z
478,26,486.85,2022-07-20T14:43:03.500Z
479,30,1937.27,2022-07-20T14:43:03.500Z
480,5,1336.55,2022-07-20T14:43:03.500Z
481,16,1754.95,2022-07-20T14:43:03.500Z
482,14,1937.08,2022-07-20T14:43:03.500Z
483,0,1236.78,2022-07-20T14:43:03.500Z
484,1,1731.74,2022-07-20T14:43:03.500Z
485,4,851.15,2022-07-20T14:43:03.500Z
486,15,1548.99,2022-07-20T14:43:03.500Z
487,9,143.81,2022-07-20T14:43:03.500Z
488,7,821.15,2022-07-20T14:43:03.500Z
489,10,1876.18,2022-07-20T14:43:03.500Z
490,15,1538.72,2022-07-21T14:43:03.500Z
491,11,324.47,2022-07-21T14:43:03.500Z
492,30,2088.86,2022-07-21T14:43:03.500Z
493,10,1958.88,2022-07-21T14:43:03.500Z
494,27,2525.34,2022-07-21T14:43:03.500Z
495,28,2169.34,2022-07-21T14:43:03.500Z
496,9,145.13,2022-07-21T14:43:03.500Z
497,12,866.33,2022-07-21T14:43:03.500Z
498,3,1226.64,2022-07-21T14:43:03.500Z
499,26,440.73,2022-07-21T14:43:03.500Z
500,17,2839.69,2022-07-21T14:43:03.500Z
501,16,1850.9,2022-07-21T14:43:03.500Z
502,0,1204.32,2022-07-21T14:43:03.500Z
503,19,2397.35,2022-07-21T14:43:03.500Z
504,6,2907.58,2022-07-21T14:43:03.500Z
505,18,2526.94,2022-07-21T14:43:03.500Z
506,31,2720.72,2022-07-21T14:43:03.500Z
507,2,1025.31,2022-07-21T14:43:03.500Z
508,34,2925.21,2022-07-21T14:43:03.500Z
509,23,143.96,2022-07-21T14:43:03.500Z
510,29,3331.66,2022-07-21T14:43:03.500Z
511,32,3084.89,2022-07-21T14:43:03.500Z
512,14,1939.43,2022-07-21T14:43:03.500Z
513,13,3578.08,2022-07-21T14:43:03.500Z
514,1,1585.28,2022-07-21T14:43:03.500Z
515,22,2391.86,2022-07-21T14:43:03.500Z
516,25,3409.5,2022-07-21T14:43:03.500Z
517,8,1015.58,2022-07-21T14:43:03.500Z
518,5,1342.27,2022-07-21T14:43:03.500Z
519,4,940.24,2022-07-21T14:43:03.500Z
520,7,823.92,2022-07-21T14:43:03.500Z
521,33,1189.8,2022-07-21T14:43:03.500Z
522,21,665.74,2022-07-21T14:43:03.500Z
523,20,3705.29,2022-07-21T14:43:03.500Z
524,24,709.17,2022-07-21T14:43:03.500Z
525,3,1136.37,2022-07-22T14:43:03.500Z
526,1,1598.62,2022-07-22T14:43:03.500Z
527,20,3982.54,2022-07-22T14:43:03.500Z
528,2,958.76,2022-07-22T14:43:03.500Z
529,19,2644.1,2022-07-22T14:43:03.500Z
530,0,1145.14,2022-07-22T14:43:03.500Z
531,23,153.8,2022-07-22T14:43:03.500Z
532,4,1000.82,2022-07-22T14:43:03.500Z
533,7,749.47,2022-07-22T14:43:03.500Z
534,6,2835.01,2022-07-22T14:43:03.500Z
535,25,3436.53,2022-07-22T14:43:03.500Z
536,5,1386.62,2022-07-22T14:43:03.500Z
537,22,2225.11,2022-07-22T14:43:03.500Z
538,32,2871.83,2022-07-22T14:43:03.500Z
539,17,2622.22,2022-07-22T14:43:03.500Z
540,8,1102.42,2022-07-22T14:43:03.500Z
541,18,2307.58,2022-07-22T14:43:03.500Z
542,21,677.39,2022-07-22T14:43:03.500Z
543,26,430.01,2022-07-22T14:43:03.500Z
544,12,937.72,2022-07-22T14:43:03.500Z
545,14,1822,2022-07-22T14:43:03.500Z
546,10,2146.74,2022-07-22T14:43:03.500Z
547,34,2816.3,2022-07-22T14:43:03.500Z
548,13,3917.06,2022-07-22T14:43:03.500Z
549,16,1954.46,2022-07-22T14:43:03.500Z
550,24,663,2022-07-22T14:43:03.500Z
551,30,1916.82,2022-07-22T14:43:03.500Z
552,11,353.03,2022-07-22T14:43:03.500Z
553,9,133.77,2022-07-22T14:43:03.500Z
554,15,1578.84,2022-07-22T14:43:03.500Z
555,33,1213.66,2022-07-22T14:43:03.500Z
556,31,2962.77,2022-07-22T14:43:03.500Z
557,27,2414.21,2022-07-22T14:43:03.500Z
558,28,2183.66,2022-07-22T14:43:03.500Z
559,29,3220.46,2022-07-22T14:43:03.500Z
560,10,2373.22,2022-07-23T14:43:03.500Z
561,12,874.02,2022-07-23T14:43:03.500Z
562,15,1529.45,2022-07-23T14:43:03.500Z
563,28,2352.55,2022-07-23T14:43:03.500Z
564,11,337.92,2022-07-23T14:43:03.500Z
565,27,2432.82,2022-07-23T14:43:03.500Z
566,26,420.54,2022-07-23T14:43:03.500Z
567,14,1999.88,2022-07-23T14:43:03.500Z
568,33,1256.64,2022-07-23T14:43:03.500Z
569,18,2377.18,2022-07-23T14:43:03.500Z
570,9,144.45,2022-07-23T14:43:03.500Z
571,16,1825.69,2022-07-23T14:43:03.500Z
572,4,997.87,2022-07-23T14:43:03.500Z
573,13,3601.97,2022-07-23T14:43:03.500Z
574,29,3290.66,2022-07-23T14:43:03.500Z
575,0,1053.74,2022-07-23T14:43:03.500Z
576,21,741.67,2022-07-23T14:43:03.500Z
577,30,2026.71,2022-07-23T14:43:03.500Z
578,1,1542.45,2022-07-23T14:43:03.500Z
579,5,1475.36,2022-07-23T14:43:03.500Z
580,20,4197.54,2022-07-23T14:43:03.500Z
581,3,1119.08,2022-07-23T14:43:03.500Z
582,6,2561.2,2022-07-23T14:43:03.500Z
583,7,688.94,2022-07-23T14:43:03.500Z
584,19,2729.26,2022-07-23T14:43:03.500Z
585,8,1099.08,2022-07-23T14:43:03.500Z
586,2,1047.66,2022-07-23T14:43:03.500Z
587,34,2537.39,2022-07-23T14:43:03.500Z
588,32,3153.98,2022-07-23T14:43:03.500Z
589,31,3088.76,2022-07-23T14:43:03.500Z
590,23,139.23,2022-07-23T14:43:03.500Z
591,24,663.39,2022-07-23T14:43:03.500Z
592,25,3255.47,2022-07-23T14:43:03.500Z
593,22,2402.19,2022-07-23T14:43:03.500Z
594,17,2388.39,2022-07-23T14:43:03.500Z
595,4,938.93,2022-07-24T14:43:03.500Z
596,7,682.07,2022-07-24T14:43:03.500Z
597,23,149.76,2022-07-24T14:43:03.500Z
598,22,2217.61,2022-07-24T14:43:03.500Z
599,34,2431.4,2022-07-24T14:43:03.500Z
600,21,746.83,2022-07-24T14:43:03.500Z
601,33,1216.44,2022-07-24T14:43:03.500Z
602,8,1104.16,2022-07-24T14:43:03.500Z
603,0,1030.44,2022-07-24T14:43:03.500Z
604,20,4259.77,2022-07-24T14:43:03.500Z
605,5,1538.46,2022-07-24T14:43:03.500Z
606,19,2689.52,2022-07-24T14:43:03.500Z
607,31,3135.41,2022-07-24T14:43:03.500Z
608,27,2494.02,2022-07-24T14:43:03.500Z
609,24,624.74,2022-07-24T14:43:03.500Z
610,3,1183.93,2022-07-24T14:43:03.500Z
611,32,2893.12,2022-07-24T14:43:03.500Z
612,28,2165.45,2022-07-24T14:43:03.500Z
613,25,3352.91,2022-07-24T14:43:03.500Z
614,29,3395.36,2022-07-24T14:43:03.500Z
615,30,2241.5,2022-07-24T14:43:03.500Z
616,2,1022.67,2022-07-24T14:43:03.500Z
617,1,1548.07,2022-07-24T14:43:03.500Z
618,26,456.97,2022-07-24T14:43:03.500Z
619,18,2349.22,2022-07-24T14:43:03.500Z
620,13,3787.39,2022-07-24T14:43:03.500Z
621,14,2196.78,2022-07-24T14:43:03.500Z
622,10,2434.37,2022-07-24T14:43:03.500Z
623,9,155,2022-07-24T14:43:03.500Z
624,17,2395.04,2022-07-24T14:43:03.500Z
625,15,1434.93,2022-07-24T14:43:03.500Z
626,16,1805.17,2022-07-24T14:43:03.500Z
627,12,835.44,2022-07-24T14:43:03.500Z
628,6,2625.38,2022-07-24T14:43:03.500Z
629,11,352.32,2022-07-24T14:43:03.500Z
630,18,2476.08,2022-07-25T14:43:03.500Z
631,4,1033.64,2022-07-25T14:43:03.500Z
632,34,2198.51,2022-07-25T14:43:03.500Z
633,2,1056.73,2022-07-25T14:43:03.500Z
634,31,3423.07,2022-07-25T14:43:03.500Z
635,27,2290.66,2022-07-25T14:43:03.500Z
636,13,3533.04,2022-07-25T14:43:03.500Z
637,7,686.93,2022-07-25T14:43:03.500Z
638,9,163.73,2022-07-25T14:43:03.500Z
639,26,461.3,2022-07-25T14:43:03.500Z
640,11,362.81,2022-07-25T14:43:03.500Z
641,8,1051.22,2022-07-25T14:43:03.500Z
642,19,2549.25,2022-07-25T14:43:03.500Z
643,3,1281.47,2022-07-25T14:43:03.500Z
644,30,2391.34,2022-07-25T14:43:03.500Z
645,14,2218.68,2022-07-25T14:43:03.500Z
646,28,2323.63,2022-07-25T14:43:03.500Z
647,17,2582.86,2022-07-25T14:43:03.500Z
648,16,1653.2,2022-07-25T14:43:03.500Z
649,1,1396.02,2022-07-25T14:43:03.500Z
650,6,2573.41,2022-07-25T14:43:03.500Z
651,0,1136.46,2022-07-25T14:43:03.500Z
652,24,579.7,2022-07-25T14:43:03.500Z
653,10,2317.6,2022-07-25T14:43:03.500Z
654,5,1541.57,2022-07-25T14:43:03.500Z
655,29,3232.47,2022-07-25T14:43:03.500Z
656,22,2410.16,2022-07-25T14:43:03.500Z
657,15,1433.41,2022-07-25T14:43:03.500Z
658,12,826.81,2022-07-25T14:43:03.500Z
659,32,3074.67,2022-07-25T14:43:03.500Z
660,33,1109.23,2022-07-25T14:43:03.500Z
661,21,682.96,2022-07-25T14:43:03.500Z
662,20,4375.16,2022-07-25T14:43:03.500Z
663,25,3150.74,2022-07-25T14:43:03.500Z
664,23,159.21,2022-07-25T14:43:03.500Z
665,16,1758.04,2022-07-26T14:43:03.500Z
666,10,2487.64,2022-07-26T14:43:03.500Z
667,13,3637.2,2022-07-26T14:43:03.500Z
668,2,1044.36,2022-07-26T14:43:03.500Z
669,22,2242.94,2022-07-26T14:43:03.500Z
670,0,1163.52,2022-07-26T14:43:03.500Z
671,27,2306.92,2022-07-26T14:43:03.500Z
672,5,1599.69,2022-07-26T14:43:03.500Z
673,4,957.99,2022-07-26T14:43:03.500Z
674,11,383.53,2022-07-26T14:43:03.500Z
675,3,1400.24,2022-07-26T14:43:03.500Z
676,33,1162.86,2022-07-26T14:43:03.500Z
677,1,1537.02,2022-07-26T14:43:03.500Z
678,23,172.04,2022-07-26T14:43:03.500Z
679,15,1308.24,2022-07-26T14:43:03.500Z
680,34,2080.05,2022-07-26T14:43:03.500Z
681,21,686.45,2022-07-26T14:43:03.500Z
682,32,3297.3,2022-07-26T14:43:03.500Z
683,31,3483.52,2022-07-26T14:43:03.500Z
684,26,509.78,2022-07-26T14:43:03.500Z
685,9,156.28,2022-07-26T14:43:03.500Z
686,6,2349.58,2022-07-26T14:43:03.500Z
687,14,2274.22,2022-07-26T14:43:03.500Z
688,8,1009.66,2022-07-26T14:43:03.500Z
689,12,753.07,2022-07-26T14:43:03.500Z
690,7,646.03,2022-07-26T14:43:03.500Z
691,19,2571.49,2022-07-26T14:43:03.500Z
692,29,2978.52,2022-07-26T14:43:03.500Z
693,24,616.59,2022-07-26T14:43:03.500Z
694,25,3492.27,2022-07-26T14:43:03.500Z
695,30,2461.75,2022-07-26T14:43:03.500Z
696,20,4207.71,2022-07-26T14:43:03.500Z
697,18,2575.24,2022-07-26T14:43:03.500Z
698,17,2784.03,2022-07-26T14:43:03.500Z
699,28,2507.84,2022-07-26T14:43:03.500Z
700,9,158.19,2022-07-27T14:43:03.500Z
701,19,2790.76,2022-07-27T14:43:03.500Z
702,1,1619.45,2022-07-27T14:43:03.500Z
703,5,1518.98,2022-07-27T14:43:03.500Z
704,12,780.53,2022-07-27T14:43:03.500Z
705,15,1207.55,2022-07-27T14:43:03.500Z
706,8,1010.24,2022-07-27T14:43:03.500Z
707,16,1733.76,2022-07-27T14:43:03.500Z
708,25,3835.73,2022-07-27T14:43:03.500Z
709,13,3315.6,2022-07-27T14:43:03.500Z
710,24,642.74,2022-07-27T14:43:03.500Z
711,26,527.88,2022-07-27T14:43:03.500Z
712,4,988.52,2022-07-27T14:43:03.500Z
713,23,181.43,2022-07-27T14:43:03.500Z
714,14,2405.76,2022-07-27T14:43:03.500Z
715,34,2010.33,2022-07-27T14:43:03.500Z
716,33,1060.26,2022-07-27T14:43:03.500Z
717,32,3618.54,2022-07-27T14:43:03.500Z
718,2,1046.13,2022-07-27T14:43:03.500Z
719,30,2693.9,2022-07-27T14:43:03.500Z
720,0,1086.46,2022-07-27T14:43:03.500Z
721,29,2820.12,2022-07-27T14:43:03.500Z
722,10,2270.74,2022-07-27T14:43:03.500Z
723,7,662.24,2022-07-27T14:43:03.500Z
724,31,3671.91,2022-07-27T14:43:03.500Z
725,3,1317.03,2022-07-27T14:43:03.500Z
726,6,2205.3,2022-07-27T14:43:03.500Z
727,11,356.77,2022-07-27T14:43:03.500Z
728,28,2737.47,2022-07-27T14:43:03.500Z
729,18,2800.9,2022-07-27T14:43:03.500Z
730,20,4357.02,2022-07-27T14:43:03.500Z
731,21,650.84,2022-07-27T14:43:03.500Z
732,27,2364.49,2022-07-27T14:43:03.500Z
733,17,2618.1,2022-07-27T14:43:03.500Z
734,22,2378.54,2022-07-27T14:43:03.500Z
735,11,364.3,2022-07-28T14:43:03.500Z
736,19,2683.81,2022-07-28T14:43:03.500Z
737,2,981.32,2022-07-28T14:43:03.500Z
738,16,1572.7,2022-07-28T14:43:03.500Z
739,15,1250.13,2022-07-28T14:43:03.500Z
740,12,801.42,2022-07-28T14:43:03.500Z
741,0,1082.99,2022-07-28T14:43:03.500Z
742,3,1257.88,2022-07-28T14:43:03.500Z
743,34,2080.94,2022-07-28T14:43:03.500Z
744,13,3664.64,2022-07-28T14:43:03.500Z
745,20,4363.16,2022-07-28T14:43:03.500Z
746,33,1047.58,2022-07-28T14:43:03.500Z
747,32,3467.02,2022-07-28T14:43:03.500Z
748,30,2608.14,2022-07-28T14:43:03.500Z
749,14,2399.78,2022-07-28T14:43:03.500Z
750,31,3961.16,2022-07-28T14:43:03.500Z
751,4,1001.61,2022-07-28T14:43:03.500Z
752,1,1463.34,2022-07-28T14:43:03.500Z
753,22,2383.44,2022-07-28T14:43:03.500Z
754,7,633.8,2022-07-28T14:43:03.500Z
755,8,1032.9,2022-07-28T14:43:03.500Z
756,26,477.35,2022-07-28T14:43:03.500Z
757,29,2690.16,2022-07-28T14:43:03.500Z
758,6,2006.32,2022-07-28T14:43:03.500Z
759,21,709.17,2022-07-28T14:43:03.500Z
760,27,2197.76,2022-07-28T14:43:03.500Z
761,9,160.87,2022-07-28T14:43:03.500Z
762,23,181.96,2022-07-28T14:43:03.500Z
763,28,2479.56,2022-07-28T14:43:03.500Z
764,24,664.86,2022-07-28T14:43:03.500Z
765,10,2218.89,2022-07-28T14:43:03.500Z
766,5,1491.21,2022-07-28T14:43:03.500Z
767,25,3882.87,2022-07-28T14:43:03.500Z
768,17,2412.51,2022-07-28T14:43:03.500Z
769,18,2796.97,2022-07-28T14:43:03.500Z
770,34,2089.87,2022-07-29T14:43:03.500Z
771,33,1161.65,2022-07-29T14:43:03.500Z
772,27,2293.52,2022-07-29T14:43:03.500Z
773,13,3443.33,2022-07-29T14:43:03.500Z
774,17,2614,2022-07-29T14:43:03.500Z
775,26,463.8,2022-07-29T14:43:03.500Z
776,0,1090.92,2022-07-29T14:43:03.500Z
777,10,2237.58,2022-07-29T14:43:03.500Z
778,9,162.1,2022-07-29T14:43:03.500Z
779,20,4569.54,2022-07-29T14:43:03.500Z
780,6,1907.56,2022-07-29T14:43:03.500Z
781,8,973.72,2022-07-29T14:43:03.500Z
782,7,635.98,2022-07-29T14:43:03.500Z
783,19,2873.86,2022-07-29T14:43:03.500Z
784,29,2980.69,2022-07-29T14:43:03.500Z
785,28,2356.79,2022-07-29T14:43:03.500Z
786,30,2499.92,2022-07-29T14:43:03.500Z
787,21,671.92,2022-07-29T14:43:03.500Z
788,1,1496.13,2022-07-29T14:43:03.500Z
789,32,3649.19,2022-07-29T14:43:03.500Z
790,31,4213.26,2022-07-29T14:43:03.500Z
791,25,4063.56,2022-07-29T14:43:03.500Z
792,22,2200.3,2022-07-29T14:43:03.500Z
793,18,2892.36,2022-07-29T14:43:03.500Z
794,23,196.81,2022-07-29T14:43:03.500Z
795,24,643.36,2022-07-29T14:43:03.500Z
796,15,1237.35,2022-07-29T14:43:03.500Z
797,14,2206.47,2022-07-29T14:43:03.500Z
798,12,739.35,2022-07-29T14:43:03.500Z
799,2,937.69,2022-07-29T14:43:03.500Z
800,16,1627.19,2022-07-29T14:43:03.500Z
801,11,362.21,2022-07-29T14:43:03.500Z
802,5,1369.81,2022-07-29T14:43:03.500Z
803,3,1374.72,2022-07-29T14:43:03.500Z
804,4,1105.01,2022-07-29T14:43:03.500Z
805,27,2379.09,2022-07-30T14:43:03.500Z
806,8,1023.16,2022-07-30T14:43:03.500Z
807,9,150.77,2022-07-30T14:43:03.500Z
808,32,3675.99,2022-07-30T14:43:03.500Z
809,21,719.09,2022-07-30T14:43:03.500Z
810,3,1465.47,2022-07-30T14:43:03.500Z
811,10,2079.82,2022-07-30T14:43:03.500Z
812,19,3095.77,2022-07-30T14:43:03.500Z
813,33,1199.14,2022-07-30T14:43:03.500Z
814,26,511.19,2022-07-30T14:43:03.500Z
815,34,2251.97,2022-07-30T14:43:03.500Z
816,7,698.98,2022-07-30T14:43:03.500Z
817,6,2115.06,2022-07-30T14:43:03.500Z
818,12,757.67,2022-07-30T14:43:03.500Z
819,2,976.86,2022-07-30T14:43:03.500Z
820,15,1216.82,2022-07-30T14:43:03.500Z
821,11,364.14,2022-07-30T14:43:03.500Z
822,31,4362.61,2022-07-30T14:43:03.500Z
823,30,2479.09,2022-07-30T14:43:03.500Z
824,24,712.8,2022-07-30T14:43:03.500Z
825,29,3062.78,2022-07-30T14:43:03.500Z
826,17,2805,2022-07-30T14:43:03.500Z
827,28,2323.23,2022-07-30T14:43:03.500Z
828,1,1654.46,2022-07-30T14:43:03.500Z
829,4,1178.5,2022-07-30T14:43:03.500Z
830,20,4606.14,2022-07-30T14:43:03.500Z
831,25,4246,2022-07-30T14:43:03.500Z
832,18,2636.34,2022-07-30T14:43:03.500Z
833,16,1647.15,2022-07-30T14:43:03.500Z
834,0,998.78,2022-07-30T14:43:03.500Z
835,14,2059.4,2022-07-30T14:43:03.500Z
836,23,215.02,2022-07-30T14:43:03.500Z
837,22,2321.66,2022-07-30T14:43:03.500Z
838,5,1467.08,2022-07-30T14:43:03.500Z
839,13,3451.7,2022-07-30T14:43:03.500Z
840,22,2465.52,2022-07-31T14:43:03.500Z
841,20,4859.42,2022-07-31T14:43:03.500Z
842,33,1306.38,2022-07-31T14:43:03.500Z
843,19,3233.43,2022-07-31T14:43:03.500Z
844,32,3904.91,2022-07-31T14:43:03.500Z
845,21,725.09,2022-07-31T14:43:03.500Z
846,4,1150.72,2022-07-31T14:43:03.500Z
847,31,4348.34,2022-07-31T14:43:03.500Z
848,30,2326.32,2022-07-31T14:43:03.500Z
849,28,2538.36,2022-07-31T14:43:03.500Z
850,34,2169.69,2022-07-31T14:43:03.500Z
851,26,502.92,2022-07-31T14:43:03.500Z
852,27,2379.51,2022-07-31T14:43:03.500Z
853,29,2922.88,2022-07-31T14:43:03.500Z
854,17,3058.6,2022-07-31T14:43:03.500Z
855,24,672.21,2022-07-31T14:43:03.500Z
856,10,2268.68,2022-07-31T14:43:03.500Z
857,7,712.42,2022-07-31T14:43:03.500Z
858,18,2415.84,2022-07-31T14:43:03.500Z
859,9,163.3,2022-07-31T14:43:03.500Z
860,23,237.61,2022-07-31T14:43:03.500Z
861,5,1605.17,2022-07-31T14:43:03.500Z
862,15,1248.39,2022-07-31T14:43:03.500Z
863,25,4253.38,2022-07-31T14:43:03.500Z
864,6,2124.53,2022-07-31T14:43:03.500Z
865,16,1669.48,2022-07-31T14:43:03.500Z
866,2,948.5,2022-07-31T14:43:03.500Z
867,1,1495.5,2022-07-31T14:43:03.500Z
868,8,1072.17,2022-07-31T14:43:03.500Z
869,11,377.25,2022-07-31T14:43:03.500Z
870,12,833.9,2022-07-31T14:43:03.500Z
871,3,1390.31,2022-07-31T14:43:03.500Z
872,14,2219.52,2022-07-31T14:43:03.500Z
873,13,3360.01,2022-07-31T14:43:03.500Z
874,0,1073.07,2022-07-31T14:43:03.500Z
875,2,1003.52,2022-08-01T14:43:03.500Z
876,3,1341.91,2022-08-01T14:43:03.500Z
877,18,2304.36,2022-08-01T14:43:03.500Z
878,15,1177.97,2022-08-01T14:43:03.500Z
879,16,1833.65,2022-08-01T14:43:03.500Z
880,6,2293.25,2022-08-01T14:43:03.500Z
881,9,175.53,2022-08-01T14:43:03.500Z
882,17,3228.53,2022-08-01T14:43:03.500Z
883,0,1107.56,2022-08-01T14:43:03.500Z
884,28,2770.78,2022-08-01T14:43:03.500Z
885,5,1572.73,2022-08-01T14:43:03.500Z
886,33,1345.64,2022-08-01T14:43:03.500Z
887,29,2987.09,2022-08-01T14:43:03.500Z
888,11,411.46,2022-08-01T14:43:03.500Z
889,19,3128.36,2022-08-01T14:43:03.500Z
890,14,2270.48,2022-08-01T14:43:03.500Z
891,12,881.63,2022-08-01T14:43:03.500Z
892,8,975.77,2022-08-01T14:43:03.500Z
893,21,715.95,2022-08-01T14:43:03.500Z
894,20,4669.33,2022-08-01T14:43:03.500Z
895,25,4128.08,2022-08-01T14:43:03.500Z
896,23,222,2022-08-01T14:43:03.500Z
897,24,728,2022-08-01T14:43:03.500Z
898,27,2315.09,2022-08-01T14:43:03.500Z
899,1,1479.63,2022-08-01T14:43:03.500Z
900,4,1274.97,2022-08-01T14:43:03.500Z
901,30,2131.18,2022-08-01T14:43:03.500Z
902,13,3481.64,2022-08-01T14:43:03.500Z
903,22,2610.67,2022-08-01T14:43:03.500Z
904,34,2138.76,2022-08-01T14:43:03.500Z
905,7,751.93,2022-08-01T14:43:03.500Z
906,26,468.74,2022-08-01T14:43:03.500Z
907,10,2307.48,2022-08-01T14:43:03.500Z
908,32,4247.7,2022-08-01T14:43:03.500Z
909,31,4124.62,2022-08-01T14:43:03.500Z
910,14,2481.04,2022-08-02T14:43:03.500Z
911,13,3267.8,2022-08-02T14:43:03.500Z
912,24,673.72,2022-08-02T14:43:03.500Z
913,26,472.26,2022-08-02T14:43:03.500Z
914,22,2434.22,2022-08-02T14:43:03.500Z
915,12,918.67,2022-08-02T14:43:03.500Z
916,29,3015.99,2022-08-02T14:43:03.500Z
917,5,1660.49,2022-08-02T14:43:03.500Z
918,17,3179.13,2022-08-02T14:43:03.500Z
919,34,2079.76,2022-08-02T14:43:03.500Z
920,4,1393.26,2022-08-02T14:43:03.500Z
921,18,2320,2022-08-02T14:43:03.500Z
922,6,2533.05,2022-08-02T14:43:03.500Z
923,19,3425.55,2022-08-02T14:43:03.500Z
924,16,1661.48,2022-08-02T14:43:03.500Z
925,15,1173.89,2022-08-02T14:43:03.500Z
926,0,1074.52,2022-08-02T14:43:03.500Z
927,23,243.65,2022-08-02T14:43:03.500Z
928,10,2280.87,2022-08-02T14:43:03.500Z
929,7,725.2,2022-08-02T14:43:03.500Z
930,20,4331.02,2022-08-02T14:43:03.500Z
931,3,1379.25,2022-08-02T14:43:03.500Z
932,31,4005.39,2022-08-02T14:43:03.500Z
933,1,1358.81,2022-08-02T14:43:03.500Z
934,21,656.13,2022-08-02T14:43:03.500Z
935,2,940.87,2022-08-02T14:43:03.500Z
936,9,189.82,2022-08-02T14:43:03.500Z
937,11,407.79,2022-08-02T14:43:03.500Z
938,8,1034.98,2022-08-02T14:43:03.500Z
939,25,3930.24,2022-08-02T14:43:03.500Z
940,27,2326.34,2022-08-02T14:43:03.500Z
941,30,2205.18,2022-08-02T14:43:03.500Z
942,33,1451.79,2022-08-02T14:43:03.500Z
943,32,4687.69,2022-08-02T14:43:03.500Z
944,28,3016.92,2022-08-02T14:43:03.500Z
945,10,2412.93,2022-08-03T14:43:03.500Z
946,17,3226.09,2022-08-03T14:43:03.500Z
947,26,429.8,2022-08-03T14:43:03.500Z
948,19,3632.54,2022-08-03T14:43:03.500Z
949,31,3733.52,2022-08-03T14:43:03.500Z
950,27,2341.3,2022-08-03T14:43:03.500Z
951,4,1515.56,2022-08-03T14:43:03.500Z
952,28,2970.84,2022-08-03T14:43:03.500Z
953,9,207.91,2022-08-03T14:43:03.500Z
954,13,3088.66,2022-08-03T14:43:03.500Z
955,14,2312.7,2022-08-03T14:43:03.500Z
956,16,1587.82,2022-08-03T14:43:03.500Z
957,29,3027.68,2022-08-03T14:43:03.500Z
958,11,446.49,2022-08-03T14:43:03.500Z
959,21,628.68,2022-08-03T14:43:03.500Z
960,30,2039.83,2022-08-03T14:43:03.500Z
961,34,1927.14,2022-08-03T14:43:03.500Z
962,33,1483.06,2022-08-03T14:43:03.500Z
963,18,2098.11,2022-08-03T14:43:03.500Z
964,2,1029.82,2022-08-03T14:43:03.500Z
965,32,4690.9,2022-08-03T14:43:03.500Z
966,20,4692.49,2022-08-03T14:43:03.500Z
967,22,2399.29,2022-08-03T14:43:03.500Z
968,24,678.76,2022-08-03T14:43:03.500Z
969,25,3955,2022-08-03T14:43:03.500Z
970,7,753.6,2022-08-03T14:43:03.500Z
971,1,1479.09,2022-08-03T14:43:03.500Z
972,23,225.2,2022-08-03T14:43:03.500Z
973,3,1260.78,2022-08-03T14:43:03.500Z
974,5,1622.94,2022-08-03T14:43:03.500Z
975,8,998.8,2022-08-03T14:43:03.500Z
976,15,1128.16,2022-08-03T14:43:03.500Z
977,6,2354.98,2022-08-03T14:43:03.500Z
978,0,1093.82,2022-08-03T14:43:03.500Z
979,12,915.1,2022-08-03T14:43:03.500Z
980,15,1138.21,2022-08-04T14:43:03.500Z
981,27,2160.22,2022-08-04T14:43:03.500Z
982,8,955.95,2022-08-04T14:43:03.500Z
983,1,1396.57,2022-08-04T14:43:03.500Z
984,4,1489.23,2022-08-04T14:43:03.500Z
985,16,1715.16,2022-08-04T14:43:03.500Z
986,23,222.45,2022-08-04T14:43:03.500Z
987,3,1335.4,2022-08-04T14:43:03.500Z
988,6,2208.58,2022-08-04T14:43:03.500Z
989,0,1151.99,2022-08-04T14:43:03.500Z
990,10,2339.53,2022-08-04T14:43:03.500Z
991,26,431.39,2022-08-04T14:43:03.500Z
992,25,3583.89,2022-08-04T14:43:03.500Z
993,29,3243.99,2022-08-04T14:43:03.500Z
994,24,624.41,2022-08-04T14:43:03.500Z
995,14,2443.73,2022-08-04T14:43:03.500Z
996,22,2276.94,2022-08-04T14:43:03.500Z
997,19,3297.14,2022-08-04T14:43:03.500Z
998,2,948.92,2022-08-04T14:43:03.500Z
999,12,904.46,2022-08-04T14:43:03.500Z
1000,21,690.35,2022-08-04T14:43:03.500Z
1001,33,1481.1,2022-08-04T14:43:03.500Z
1002,7,727.92,2022-08-04T14:43:03.500Z
1003,13,3285.11,2022-08-04T14:43:03.500Z
1004,20,5166.95,2022-08-04T14:43:03.500Z
1005,28,2859.48,2022-08-04T14:43:03.500Z
1006,18,2200.52,2022-08-04T14:43:03.500Z
1007,11,436.76,2022-08-04T14:43:03.500Z
1008,31,3732.55,2022-08-04T14:43:03.500Z
1009,9,188.66,2022-08-04T14:43:03.500Z
1010,5,1717.5,2022-08-04T14:43:03.500Z
1011,17,3111.75,2022-08-04T14:43:03.500Z
1012,30,2033.96,2022-08-04T14:43:03.500Z
1013,32,5191.14,2022-08-04T14:43:03.500Z
1014,34,1824.67,2022-08-04T14:43:03.500Z
1015,31,4024.07,2022-08-05T14:43:03.500Z
1016,16,1676.79,2022-08-05T14:43:03.500Z
1017,18,2124.29,2022-08-05T14:43:03.500Z
1018,14,2258.09,2022-08-05T14:43:03.500Z
1019,13,3442.97,2022-08-05T14:43:03.500Z
1020,5,1766.44,2022-08-05T14:43:03.500Z
1021,27,2121.26,2022-08-05T14:43:03.500Z
1022,32,5219.33,2022-08-05T14:43:03.500Z
1023,6,2231.53,2022-08-05T14:43:03.500Z
1024,15,1034.03,2022-08-05T14:43:03.500Z
1025,30,1935.57,2022-08-05T14:43:03.500Z
1026,26,458.95,2022-08-05T14:43:03.500Z
1027,0,1270.34,2022-08-05T14:43:03.500Z
1028,17,3141.22,2022-08-05T14:43:03.500Z
1029,34,1700.92,2022-08-05T14:43:03.500Z
1030,2,987.17,2022-08-05T14:43:03.500Z
1031,28,3060.07,2022-08-05T14:43:03.500Z
1032,29,3488.33,2022-08-05T14:43:03.500Z
1033,4,1484.34,2022-08-05T14:43:03.500Z
1034,33,1537.48,2022-08-05T14:43:03.500Z
1035,25,3683.11,2022-08-05T14:43:03.500Z
1036,24,581.88,2022-08-05T14:43:03.500Z
1037,20,4982.96,2022-08-05T14:43:03.500Z
1038,10,2418.84,2022-08-05T14:43:03.500Z
1039,19,3454.71,2022-08-05T14:43:03.500Z
1040,1,1422.12,2022-08-05T14:43:03.500Z
1041,21,668.75,2022-08-05T14:43:03.500Z
1042,22,2201.8,2022-08-05T14:43:03.500Z
1043,23,207.95,2022-08-05T14:43:03.500Z
1044,12,925.52,2022-08-05T14:43:03.500Z
1045,7,676.08,2022-08-05T14:43:03.500Z
1046,11,446.42,2022-08-05T14:43:03.500Z
1047,3,1348.4,2022-08-05T14:43:03.500Z
1048,9,171.05,2022-08-05T14:43:03.500Z
1049,8,980.64,2022-08-05T14:43:03.500Z
1050,16,1530.06,2022-08-06T14:43:03.500Z
1051,18,1946.56,2022-08-06T14:43:03.500Z
1052,5,1940.98,2022-08-06T14:43:03.500Z
1053,20,4734.21,2022-08-06T14:43:03.500Z
1054,8,1015.9,2022-08-06T14:43:03.500Z
1055,27,2042.94,2022-08-06T14:43:03.500Z
1056,0,1199.09,2022-08-06T14:43:03.500Z
1057,17,2957.26,2022-08-06T14:43:03.500Z
1058,7,652.99,2022-08-06T14:43:03.500Z
1059,9,156.48,2022-08-06T14:43:03.500Z
1060,34,1693.74,2022-08-06T14:43:03.500Z
1061,15,1075.36,2022-08-06T14:43:03.500Z
1062,25,3941.53,2022-08-06T14:43:03.500Z
1063,11,423.66,2022-08-06T14:43:03.500Z
1064,24,584.46,2022-08-06T14:43:03.500Z
1065,32,4725.13,2022-08-06T14:43:03.500Z
1066,33,1668.74,2022-08-06T14:43:03.500Z
1067,23,191.71,2022-08-06T14:43:03.500Z
1068,22,2061.32,2022-08-06T14:43:03.500Z
1069,4,1348.43,2022-08-06T14:43:03.500Z
1070,19,3502.82,2022-08-06T14:43:03.500Z
1071,21,609,2022-08-06T14:43:03.500Z
1072,6,2363.05,2022-08-06T14:43:03.500Z
1073,3,1393.96,2022-08-06T14:43:03.500Z
1074,13,3207.2,2022-08-06T14:43:03.500Z
1075,26,493.37,2022-08-06T14:43:03.500Z
1076,28,2793.47,2022-08-06T14:43:03.500Z
1077,2,1060.61,2022-08-06T14:43:03.500Z
1078,29,3548.28,2022-08-06T14:43:03.500Z
1079,10,2461.06,2022-08-06T14:43:03.500Z
1080,14,2433.32,2022-08-06T14:43:03.500Z
1081,31,4461.26,2022-08-06T14:43:03.500Z
1082,12,998.7,2022-08-06T14:43:03.500Z
1083,30,2144.03,2022-08-06T14:43:03.500Z
1084,1,1286.84,2022-08-06T14:43:03.500Z
1085,9,145.23,2022-08-07T14:43:03.500Z
1086,14,2535.05,2022-08-07T14:43:03.500Z
1087,24,533.56,2022-08-07T14:43:03.500Z
1088,10,2416.2,2022-08-07T14:43:03.500Z
1089,13,3457.68,2022-08-07T14:43:03.500Z
1090,33,1787.63,2022-08-07T14:43:03.500Z
1091,3,1270.1,2022-08-07T14:43:03.500Z
1092,17,3061.83,2022-08-07T14:43:03.500Z
1093,1,1191.94,2022-08-07T14:43:03.500Z
1094,11,469.09,2022-08-07T14:43:03.500Z
1095,2,1163.44,2022-08-07T14:43:03.500Z
1096,18,1786.62,2022-08-07T14:43:03.500Z
1097,4,1390.55,2022-08-07T14:43:03.500Z
1098,19,3533.31,2022-08-07T14:43:03.500Z
1099,5,2061.41,2022-08-07T14:43:03.500Z
1100,25,4125.24,2022-08-07T14:43:03.500Z
1101,23,194.81,2022-08-07T14:43:03.500Z
1102,8,917.41,2022-08-07T14:43:03.500Z
1103,7,601.33,2022-08-07T14:43:03.500Z
1104,12,939.62,2022-08-07T14:43:03.500Z
1105,26,510.01,2022-08-07T14:43:03.500Z
1106,0,1300.02,2022-08-07T14:43:03.500Z
1107,20,5144.2,2022-08-07T14:43:03.500Z
1108,22,1877.52,2022-08-07T14:43:03.500Z
1109,6,2380.19,2022-08-07T14:43:03.500Z
1110,15,1114.73,2022-08-07T14:43:03.500Z
1111,30,2375.15,2022-08-07T14:43:03.500Z
1112,32,4537.57,2022-08-07T14:43:03.500Z
1113,34,1791.14,2022-08-07T14:43:03.500Z
1114,28,2660.3,2022-08-07T14:43:03.500Z
1115,29,3568.93,2022-08-07T14:43:03.500Z
1116,27,1887.04,2022-08-07T14:43:03.500Z
1117,31,4402.3,2022-08-07T14:43:03.500Z
1118,21,613.95,2022-08-07T14:43:03.500Z
1119,16,1558.33,2022-08-07T14:43:03.500Z
